State,Code,Type,Address,City,State,Zip
Alabama,BHM1,FC,975 Powder Plant Road, Bessemer,AL,35022
Arizona,PHX3,FC,6835 W. Buckeye Rd.,Phoenix,AZ,
Arizona,PHX5,FC,16920 W. Commerce Drive, Goodyear,AZ,85338
Arizona,PHX6,FC,4750 W. Mohave Street, Phoenix,AZ,85043
Arizona,PHX7,FC,800 N. 75th Avenue, Phoenix,AZ,85043
Arizona,TFC1,FC,5050 W. Mohave Street, Phoenix,AZ,85043
Arizona,PHX9,FC,777 S 79th Avenue, Tolleson,AZ,85353
Arizona,TUS1,FC,5333 West Lower Buckeye Rd, Phoenix,AZ,85043
Arizona,TUS2,FC,6701 S. Kolb Rd., Tuscon,AZ,85043
Arizona,AZA4,FC,3333 S 59th Ave,Phoenix,AZ,85043
Arizona,GYR3,FC,8181 W Roosevelt St,Phoenix,AZ,85043
Arizona,GYR4,FC,10205 W Roosevelt St,Avondale,AZ,85323
Arizona,-,FC,3809 E Watkins St,Phoenix,AZ,85034
Arizona,XUSH,FC,7037 West Van Buren St,Phoenix,AZ,85043
California,SNA4,FC,2496 W Walnut St.,Rialto,CA,92376
California,SNA6,FC,5250 Goodman Road, Eastvale,CA,92880
California,SNA7/8,FC,555 East Orange Show Rd.,San Benardino,CA,92408
California,SNA9,FC,5250 Goodman Road, Eastvale,CA,92880
California,SJC7,FC,188 Mountain House Pkwy, Tracy,CA,95391
California,ONT2/5/7,SC,2020 E Central Avenue,San Benardino,CA,
California,ONT6,FC,24208 San Michele, Moreno Valley,CA,92551
California,ONT9,FC,2125 W San Bernardino Ave, Redlands,CA,
California,OAK3,FC,255 Park Center Drive, Patterson City,CA,95363-8876
California,OAK4,FC,1555 N. Chrisman Road, Tracy,CA,95304-9370
California,OAK5,SC,38811 Cherry Street, Newark,CA,94560
California,XUSD,FC,1909 Zephyr Street, Stockton,CA,95206
California,LGB3,FC,4590 Goodman Way,Eastvale,CA,
California,LGB4,FC,27517 Pioneer Ave, Redlands,CA,92374
California,LGB6,FC,20901 Krameria Ave, Riverside,CA,92518-1513
California,SMF1,FC,4900 W Elkhorn Blvd,Sacramento,CA,
California,SNA7,FC,555 East Orange Show Rd.,San Benardino,CA,92408
California,OAK6,FC,38811 Cherry Street, Newark,California,
California,ONT8,FC,24300 Nandina Ave., Moreno Valley,California,
California,LGB8,FC,1568 N Linden Ave, Rialto,CA,92376
Colorado,DEN5,SC,19799 E 36th Dr, Aurora,CO,80011
Colorado,DEN2,FC,24006 East 19th Avenue, Aurora,CO,80019-3705
Colorado,DEN6,FC,480 E 55th Ave, Denver,CO,80216
Colorado,DEN3,FC,14601 Grant St,Thorton,CO,80023
Colorado,-,FC,4222 Integration Loop,Colorado Springs,CO,80916
Connecticut,BDL1,FC,801 Day Hill Road,Windsor,CT,06095
Connecticut,BDL5,SC,29 Research Parkway, Wallingford,CT,06492
Connecticut,BDL2,FC,200 Old Iron Ore Rd,Windsor,CT,06095
Connecticut,BDL3,FC,415 Washington Ave,North Haven,CT,06473
Connecticut,BDL6,FC,120 County Line Dr,Cromwell,CT,06416
Connecticut,Featured Prep Service,,,Berlin,CT,
Delaware,PHL1,FC,1 Centerpoint Boulevard, New Castle,DE,19720
Delaware,PHL3,FC,1600 Johnson Way, New Castle,DE,19720
Delaware,PHL7,FC,560 Merrimac Avenue, Middletown,DE,19709-4652
Delaware,PHL8,FC,727 N. Broad Street, Middletown,DE,19709-1166
Delaware,,FC,1025 Boxwood Rd,Wilmington,DE,19804
Delaware,FBA Prep Service,,,Wilmington,DE,
Florida,TPA1,FC,3350 Laurel Ridge Ave, Ruskin,FL,33570
Florida,TPA2,FC,1760 County Line Road, Lakeland,FL,33811
Florida,TPA3,FC,576 C Fred Jones Blvd,Auburndale,FL,33823
Florida,TPA6,FC,3400 NW 35th Ave Rd,Ocala,FL,34475
Florida,XUSF,FC,"901 W Landstreet Rd, Suite C",Orlando,FL,32824
Florida,MIA1,FC,14000 NW 37th Ave,Opalocka,FL,33054
Florida,MCO1,FC,12340 Boggy Creek Rd,Lake Nona,FL,32824
Florida,MCO2,FC,2600 N Normandy Blvd,Deltona,FL,32725
Florida,MCO9,FC,2841 Access Dr,Davenport,FL,33897
Florida,,FC,13200 Southwest 272nd St,Homestead,FL,33032
Florida,PFL2,FC,8060 State Rd 33 N,Jupiter,FL,33478
Florida,,FC,4490 Corporate Rd North,Jupiter,FL,33478
Florida,MIA1/5,SC,1900 NW 132nd Place, Doral,FL,
Florida,MCO1/5,SC,205 Deen Still Road, Davenport,FL,33897
Florida,JAX2,FC,12900 Pecan Park Rd., Jacksonville,FL,32218-2432
Florida,JAX3,FC,13333 103rd St. Cecil Commerce Center, Jacksonville,FL,32221-8686
Florida,JAX5,SC,4948 Bulls Bay Hwy, Jacksonville,FL,32219-3235
Florida,JAX7,FC,10501 Cold Storage Rd #500 Building E,Jacksonville,FL,32725
Florida,FBA Prep Service,,,Sunrise,FL,
Georgia,ATL6,SC,4200 North Commerce, Atlanta,GA,30344-5707
Georgia,ATL8,SC,2201 Thornton Rd., Lithia Springs,GA,30122
Georgia,ATL7,FC,6855 Shannon Pkwy, Union City,GA,30291-2091
Georgia,MGE1,FC,650 Broadway Ave, Braselton,GA,30517-3002
Georgia,MGE3,FC,808 Hog Mountain Rd.,Jefferson,GA,
Georgia,ATL2,FC,2255 W Park Blvd,Stone Mountain,GA,30087
Georgia,,FC,5000 Lanier Islands Pkwy,Buford,GA,30518
Georgia,,FC,700 Innovation Pkwy,Appling,GA,30802
Georgia,,FC,7055 Campbellton Rd,Atlanta,GA,30331
Georgia,,FC,5705 Campbellton-Fairburn Rd,Union City,GA,30213
Georgia,PGA1,FC,429 Troy Wright Rd,Pendergrass,GA,30567
Georgia,MGE8,FC,4905 Derrick Rd,Atlanta,GA,30349
Georgia,PGA1,FC,6200 Fulton Industrial Blvd,Atlanta,GA,30336
Georgia,SAV3,FC,7001 Skipper Rd,Macon,GA,31216
Georgia,CSG1,FC,280 Bridgeport Blvd,Newnan,GA,30263
Idaho,BOI2,FC,5295 East Franklin Rd,Nampa,ID,83687
Illinois,MDW2,FC,401 E Laraway Road, Joliet,IL,60433
Illinois,MDW4,FC,201 Emerald Drive, Joliet,IL,60433
Illinois,STL4,FC,3050 Gateway Commerce Center Drive South, Edwardsville,IL,62025
Illinois,STL6,FC,3931 Lakeview Corporate Drive, Edwardsville,IL,62025
Illinois,MDW7,FC,6605 W Monee Manhattan Road, Monee,IL,60449
Illinois,MDW8,FC,1750 Bridge Dr., Waukegan,IL,60085-3004
Illinois,MDW9,FC,2865 Duke Parkway, Aurora,IL,60502-9551
Illinois,MDW6,FC,1125 W Remington Blvd, Romeoville,IL,60556
Illinois,ORD2,FC,23714 W. Amoco Rd,Channahon,IL,60410
Illinois,ORD4,FC,25810 S. Ridgeland Ave,Monee,IL,60449
Illinois,HMW1,FC,30260 Graaskamp Blvd,Wilmington,IL,60481
Illinois,,FC,7001 Vollmer Road,Matteson,IL,60423
Illinois,,FC,15924 Western Ave,Markham,IL,60428
Indiana,XUSE,FC,5100 S Indianapolis Road, Whitestown,IN,46075
Indiana,XUSE,FC,5460 Industrial Court #300,Whitestown,IN,46075
Indiana,IND1,FC,4255 Anson Boulevard, Whitestown,IN,46075
Indiana,IND2,FC,715 Airtech Parkway, Plainfield,IN,46168
Indiana,IND3,FC,717 Airtech Parkway, Plainfield,IN,46168
Indiana,IND4,FC,710 South Girls School Road, Indianapolis,IN,46214
Indiana,IND5,FC,800 S Perry Road, Plainfield,IN,46168
Indiana,IND6,FC,1453 10th Street, Jeffersonville,IN,47130
Indiana,IND7,FC,9101 Orly Dr, Indianapolis,IN,46241
Indiana,SDF8,FC,900 Patrol Road, Jeffersonville,IN,47130
Indiana,FBA Prep Service,FBA Indiana Prep,,Portland,IN,
Indiana,MQJ2,FC,19 Bob Glidden Blvd,Whiteland,IN,46184
Indiana,PIN1,FC,5510 Exploration Dr,Indianapolis,IN,46241
Iowa,DSM5,FC,500 SW 32nd St,Des Moines,IA,50035
Kansas,MCI1,FC,113th Street and Renner Boulevard, Lenexa,KS,
Kansas,MKC4,FC,19535 Waverly Road, Edgerton,KS,66021-9588
Kansas,MCI5,SC,16851 W 113th Street, Lenexa,KS,66219
Kansas,MKC6,FC,6925 Riverview Ave., Kansas City,KS,66102
Kansas,TUL1,FC,2654 N US Highway 169,Coffeyville,KS,67337
Kentucky,SDF1,FC,1105 S Columbia Avenue, Campbellsville,KY,42718
Kentucky,SDF2,FC,4360 Robards Lane, Louisville,KY,40218
Kentucky,CVG1,FC,1155 Worldwide Blvd.,Hebron,KY,41048
Kentucky,CVG2,FC,1600 Worldwide Blvd.,Hebron,KY,41048
Kentucky,CVG3,FC,3680 Langley Drive, Hebron,KY,41048
Kentucky,CVG5/7,SC, 2285 Litton Lane, Hebron,KY,41048
Kentucky,LEX1,FC,1850 Mercer Road, Lexington,KY,40511
Kentucky,LEX2,FC,172 Trade Street, Lexington,KY,40511
Kentucky,LEX5,FC,4600 Olympic Blvd,Erlanger,KY,40511
Kentucky,SDF4,FC,376 Zappos.com Boulevard, Shepherdesville,KY,40165
Kentucky,SDF6,FC,271 Omega Parkway, Shepherdsville,KY,40165
Kentucky,SDF7,FC,300 Omicron Court, Shepherdsville,KY,40165
Kentucky,SDF9,FC,100 W. Thomas P. Echols Lane, Shepherdsville,KY,40165
Louisiana,,FC,9441 Cortana Place,Baton Rouge,LA,70815
Maryland,BWI1,FC,2010 Broening Highway, Baltimore,MD,21224
Maryland,BWI2,FC,5001 Holabird Avenue, Baltimore,MD,21224
Maryland,BWI5,SC,5501 Holabird Avenue, Baltimore,MD,21224
Maryland,MDT2,FC,600 Principio Parkway West, North East,MD,21901-2914
Maryland,DCA1,FC,1700 Sparrows Point Blvd,Dundalk,MD,21219
Maryland,DCA6,FC,6001 Bethlehem Blvd,Edgemere,MD,21219
Maryland,XUSP/HBA1,FC,1100 Woodley Rd,Aberdeen,MD,21001
Maryland,HSE1,FC,13905 Crayton Blvd,Hagerstown,MD,21742
Maryland,MTN9,FC,5300 Nottingham Dr,White Marsh,MD,21236
Massachusetts,BOS5,SC,1000 Tech Center Drive, Stoughton,MA,02072
Massachusetts,BOS7,FC,1180 Innovation Way, Fall River,MA,02722
Massachusetts,,FC,1600 Osgood St,North Andover,MA,01845
Michigan,DTW5,SC,19991 Brownstown Center Dr, Brownstown Charter Twp,MI,48183
Michigan,DET1,FC,39000 Amrhein Rd, Livonia,MI,48150
Michigan,DET2,FC,50500 Mound Rd,Shelby Township,MI,48317
Michigan,DTW1,FC,32801 Ecorse Rd,Romulus,MI,48174
Michigan,GRR1,FC,4500 68th St SE,Caledonia,MI,49316
Michigan,,FC,1200 Featherstone Rd,Pontiac,MI,48342
Michigan,FBA Prep Service,,,Oxford,MI,
Michigan,FBA Prep Service,,,Lapeer,MI,
Minnesota,MSP1,FC,2601 4th Avenue East, Shakopee,MN,55379
Minnesota,MSP5,SC,5825 11th Avenue East, Shakopee,MN,55379
Missouri,STL8,FC,4000 Premier Pkwy,St Peters,MO,63376
Mississippi,MEM2,FC,191 Norfolk Southern Way,Byhalia,MS,38611
Mississippi,MEM6,FC,11505 Progress Way,Olive Branch,MS,38654
Mississippi,PIL1,FC,1615 Commerce Parkway N,Horn Lake,MS,38637
Nevada,RNO4,FC,8000 North Virginia Street, Reno,NV,89506
Nevada,LAS2,FC,3837 Bay Lake Trail #113,Las Vegas,NV,
Nevada,LAS6,FC,4550 Nexus Way, North Las Vegas,NV,89115
Nevada,RNO1,FC,1600 East Newlands Dr.,Fernley,NV,89408
Nevada,RNO2,FC,8000 North Virginia Street, Reno,NV,85906
Nevada,LAS7,FC,6001 E Tropical Parkway,North Las Vega,NV,89115
Nevada,LAS8,FC,5801 N Nicco Way,Las Vegas,NV,89115
Nevada,IVSE,FC,2951 Marion Dr #101,North Las Vega,NV,89115
Nevada,IVSF,FC,2921 Marion Dr #109,North Las Vega,NV,89115
New Hampshire,BOS1,FC,10 State Street, Nashua,NH,03063
New Hampshire,FBA Prep Service,,,Claremont,NH,
New Jersey,ACY5,SC,2277 Center Square Road, Swedesboro,NJ,
New Jersey,EWR4,FC,50 New Canton Way, Robbinsville,NJ,08691
New Jersey,EWR5,SC,301 Blair Road #100, Avenel,NJ,07001
New Jersey,EWR6,FC,275 Omar Avenue, Avenel,NJ,07001
New Jersey,EWR7,FC,275 Omar Avenue, Avenel,NJ,07001
New Jersey,EWR9,FC,8003 Industrial Avenue, Carteret,NJ,07008
New Jersey,LGA7,FC,380 Middlesex Avenue, Carteret,NJ,07008
New Jersey,LGA8,FC,380 Middlesex Avenue, Carteret,NJ,07008
New Jersey,LGA6,FC,8003 Industrial Ave. ,Carteret,NJ,07008
New Jersey,LGA9,FC,2170 State Route 27, Edison,NJ,08817-3332
New Jersey,TEB3,FC,2651 Oldmans Creek Rd, Swedesboro,NJ,
New Jersey,TEB6,FC,22 Highstown-Cranbury Station Road, Cranbury Township,NJ,08512
New Jersey,ABE8,FC,309 Cedar Lane, Florence Township,NJ,08518
New Jersey,EWR8,FC,698 US-46, Teterboro,NJ,07608
New Jersey,LGA5/HNE1,FC,2205 State Route 27, Edison,NJ,08817-3332
New Jersey,ACY1,FC,240 Mantua Grove Rd,West Deptford,NJ,08066
New Jersey,ACY2,FC,1101 E Pearl St,Burlington,NJ,08016
New Jersey,TTN2,FC,343 Half Acre Rd,Cranbury Township,NJ,08512
New Jersey,IVSC,FC,1225 Forest Pkwy,West Deptford,NJ,08066
New Jersey,IVSD,FC,800 Arlington Blvd,Swedesboro,NJ,08085
New Jersey,XUSQ,FC,152 Route 206,Hillsborough,NJ,08844
New Jersey,FBA Prep Service,,,West Orange,NJ,
New Jersey,FBA Prep Service,,,East Hanover,NJ,
New Mexico,,FC,12945 Comfort Way NW,Albuquerue,NM,87121
New York,BUF5,SC,4201 Walden Avenue, Lancaster,NY,14086
New York,JFK8/DYY6,FC,566 Gulf Ave,Staten Island,NY,10314
New York,ALB1,FC,1835 US 9,Schodack,NY,12033
New York,FBA Prep Service,,,Newburgh,NY,
North Carolina,CLT5,SC,1745 Derita Road, Concord,NC,28027
North Carolina,RDU5,SC,1805 TW Alexander Drive, Durham,NC,27703
North Carolina,CLT2,FC,10240 Old Dowd Rd, Charlotte,NC,28214
North Carolina,FBA Prep Service,,,Newport,NC,
North Carloina,CLT3,FC,6500 Davidson Hwy,Concord,NC,28027
North Carloina,CLT4,FC,8000 Tuckaseegee Rd,Charlotte,NC,28214
North Carloina,CLT9,FC,3620 Reeves Ridge Rd,Charlotte,NC,28214
North Carloina,GSO1,FC,1656 Old Greensboro,Kernersville,NC,27284
North Carloina,RDU1,FC,4851 Jones Sausage Rd,Garner,NC,27529
Ohio,CLE2,FC,21500 Emery Road,North Randall,OH,44128
Ohio,CLE3,FC,1155 Babbitt Rd,Euclid,OH,44132
Ohio,CMH2,FC,6050 Gateway Court,Groveport,OH,43125
Ohio,CMH3,FC,700 Gateway Blvd,Monroe,OH,45050
Ohio,CMH4,FC,1550 W Main St,West Jefferson,OH,43162
Ohio,CMH6/HCM1,FC,3538 TradePort Court,Lockbourne,OH,43137
Ohio,PCW1,FC,27400 Crossroads Parkway,Rossford,OH,43460
Ohio,AKC1,FC,2400 Romig Rd,Akron,OH,44320
Ohio,POH1,FC,3880 Groveport Rd,Obetz,OH,43207
Ohio,POH2,FC,1901 Beggrow St,Lockbourne,OH,43137
Ohio,CLE5,SC,8685 Independence Parkway, Twinsburg,OH,44087
Ohio,CMH1,FC,11903 National Road SW, Etna,OH,43062
Ohio,CMH2,FC,2700 Rohr Road, Groveport,OH,43125
Ohio,FBA Prep Service,,,Geneva,OH,
Ohio,FBA Prep Service,,,Dayton,OH,
Ohio,FBA Prep Service,,,Cincinnati,OH,
Oklahoma,TUL2,FC,4040 N 125th East Ave,Tulsa,OK,74116
Oklahoma,OKC1,FC,9201 S Portland Ave,Oklahoma City,OK,73159
Oregon,PDX5,SC,5647 NE Huffman St, Hillsboro,OR,97124
Oregon,FBA Prep Service,unnamed,,Hillsboro,OR,
Oregon,FBA Prep Service,,,Eugene,OR,
Oregon,FBA Prep Service,,,Eugene,OR,
Oregon,FBA Prep Service,,,Hillsboro,OR,
Pennsylvania,AVP1,FC,550 Oak Ridge Road, Hazleton,PA,18202
Pennsylvania,AVP6,FC,1 Commerce Road, Pittston,PA,18640
Pennsylvania,AVP8,FC,250 Enterprise Way, Pittston,PA,18640
Pennsylvania,ABE2,FC,705 Boulder Drive, Breinigsville,PA,18031
Pennsylvania,ABE3,FC,650 Boulder Drive, Breinigsville,PA,18031
Pennsylvania,ABE4,FC,1610 Van Buren Rd., Easton,PA,18045-1707
Pennsylvania,ABE5,FC,6455 Allentown Boulevard, Harrisburg,PA,17112
Pennsylvania,MDT1,FC,2 Ames Drive, Carlisle,PA,17015
Pennsylvania,PHL4,FC,21 Roadway Drive, Carlisle,PA,17015
Pennsylvania,PHL5,FC,500 McCarthy Drive, Lewisberry,PA,17339
Pennsylvania,PHL6,FC,675 Allen Road, Carlisle,PA,17015
Pennsylvania,PIT5,SC,2250 Roswell Drive, Pittsburgh,PA,15205
Pennsylvania,XUSC,FC,40 Logistics Drive, Carlisle,PA,17013
Pennsylvania,AVP2/3,FC,298 1st Ave, Gouldsboro,PA,18424
Pennsylvania,PHL9,FC,2 Ames Drive, Carlisle,PA,17015
Pennsylvania,PIT1,,2250 Roswell Drive, Pittsburgh,PA,15205
Pennsylvania,ABE5,FC,2455 Boulevard of the Generals,Norristown,PA,19403
Pennsylvania,XUSG,FC,9645 West Hills Ct,Kutztown,PA,19530
Pennsylvania,PIT2,FC,1200 Westport Rd,Findlay Township,PA,15126
Pennsylvania,PPA1,FC,545 Oak Hill Rd,Mountaintop,PA,18707
Pennsylvania,TEN1,FC,1002 Patriot Pkwy,Reading,PA,19605
Pennsylvania,RDG1,FC,3563 Mountain Rd,Hamburg,PA,19526
South Carolina,CAE1,FC,4400 12th Street Extension, West Columbia,SC,29172
South Carolina,GSP1,FC,402 John Dodd Road, Spartanburg,SC,29303-6312
South Carolina,XUSU,FC,845 Paragon Way,Rock Hill,SC,29730
South Carolina,CAE3,FC,222 Old Wire Rd,West Columbia,SC,29172
Tennessee,BNA1,FC,14840 Central Pike, Lebanon,TN,37090
Tennessee,BNA2,FC,500 Duke Drive, Lebanon,TN,37090
Tennessee,BNA3,FC,2020 Joe B Jackson Parkway, Murfreesboro,TN,37127
Tennessee,BNA5,SC,50 Airways Blvd, Nashville,TN,37217
Tennessee,CHA1,FC,7200 Discovery Drive, Chattanooga,TN,37416
Tennessee,CHA2,FC,225 Infinity Drive NW, Charleston,TN,37310
Tennessee,MEM4,FC,4055 New Allen Rd,Raliegh,TN,38128
Tennessee,RAD1,FC,3818 Logistics Way,Antioch,TN,37013
Texas,DFW1,FC,2700 Regent Boulevard, DFW Airport,TX,75261
Texas,DFW8,SC,2700 Regent Boulevard, DFW Airport,TX,75261
Texas,DFW6,FC,940 W Bethel Road, Coppell,TX,75019-4424
Texas,DFW7,FC,700 Westport Parkway, Fort Worth,TX,76177-4513
Texas,FTW3/4,FC,15201 Heritage Parkway, Fort Worth,TX,76177-2517
Texas,SAT1,FC,6000 Enterprise Avenue, Schertz,TX,78154
Texas,SAT5,SC,1410 S. Callaghan Road, San Antonio,TX,78227
Texas,XUSB,FC,14900 Frye Road, Fort Worth,TX,76155
Texas,HOU1,SC,8120 Humble Westfield Road, Humble,TX,77338
Texas,FTW2,FC,2701 W Bethel Rd, Coppell,TX,75019-4424
Texas,FTW7,FC,944 W. Sandy Lake Rd, Coppell,TX,75019-3989
Texas,FTW8,FC,3351 Balmorhea Dr.,Dallas,TX,75241
Texas,SAT2,FC,1401 E McCarty Ln, San Marcos,TX,78666
Texas,HOU2,FC,10550 Ella Blvd, Houston,TX,77038-2324
Texas,HOU3,FC,31819 Highway Blvd,Katy,TX,77449
Texas,HOU7,FC,16225 Tomball Pkwy,Houston,TX,77064
Texas,DFW5,FC,4121 International Pkwy,Carrollton,TX,75007
Texas,DAL2,FC,2601 S. Airfield Dr,Irving,TX,75038
Texas,DAL3,FC,1301 Chalk Hill Rd,Dallas,TX,75211
Texas,FTW6,FC,2601 W Bethel Rd,Grapevine,TX,75261
Texas,ITX1,FC,9851 Fallbrook Pines Dr #100,Houston,TX,77064
Texas,ITX2/HH02,FC,6911 Fairbanks N,Houston,TX,77040
Texas,HOU8,FC,10507 Harlem Rd,Richmond,TX,77407
Texas,PTX1,FC,2101 Danieldale Rd,Lancaster,TX,75134
Texas,,FC,1400 Southport Pkwy,Wilmer,TX,75172
Texas,,FC,2000 E Pecan St,Austin,TX,78660
Texas,AFW1,FC,1511 NE Loop 820,Ft Worth,TX,76131
Texas,,FC,9155 Southlink Drive,Dallas,TX,75241
Texas,,FC,12101 Emerald Pass Drive,El Paso,TX,79928
Texas,,FC,2000 Exchange Pkwy,Waco,TX,
Texas,FBA Prep Service,,,Tyler,TX,
Texas,FBA Prep Service,,,Spicewood,TX,
Texas,FBA Prep Service,,,Austin,TX,
Virginia,RIC1,FC,5000 Commerce Way, Petersburg,VA,23803
Virginia,RIC2,FC,1901 Meadowville Technology Parkway, Chester,VA,23836
Virginia,RIC3,SC,1901 Meadowville Technology Parkway, Chester,VA,23836
Virginia,RIC3,FC,4949 Commerce Rd,Richmond,VA,
Virginia,BWI1,FC,45121 Global Plaza, Sterling,VA,20166
Virginia,BWI4,FC,165 Business Blvd, Clear Brook,VA,22624-1568
Virginia,RIC5,SC,11600 N Lakeridge Pkwy, Ashland,VA,23005
Virginia,,FC,2020 Northgate Commerce Pkwy,Suffolk,VA,23435
Virginia,,FC,4701 Commerce Rd,Richmond,VA,23234
Virginia,,FC,7000 Hardware DR,Prince George,VA,23875
Virginia,FBA Prep Service,,,Lorton,VA,
Washington,BFI1,FC,1800 140th Avenue, E Sumner,WA,
Washington,BFI3,FC,2700 Center Drive, Dupont,WA,98327
Washington,BFI4,SC,21005 64th Ave S, Kent,WA,98032
Washington,BFI5,SC, 20526 59th Pl S,Kent,WA,
Washington,SEA6,FC,2646 Rainier Avenue, South Seattle,WA,98144
Washington,SEA8,FC,1227 124th Avenue Northeast, Bellevue,WA,
Washington,BFI7,FC,1800 140th Ave E, Sumner,WA,98390
Washington,BFI6,FC,21005 64th Ave. South,Kent,WA,98032
Wisconsin,MKE5,SC,11211 Burlington Road, Kenosha,WI,53144
Wisconsin,MKE1,FC,3501 120th Ave, Kenosha,WI,
Wisconsin,FBA Prep Service,,,Madison,WI,
Colorado,,Whole Foods,17900 East 32nd Ave #30,Aurora,CO,80011
Connecticut,,Whole Foods,400 East Johnson Ave,Chesire,CT,06410
Georgia,,Whole Foods,211 BDC Parkway,Braselton,GA,30517
Illinois,,Whole Foods,720 E 111th St,Chicago,IL,60628
Massachusetts,,Whole Foods,15 Parker St,Gloucester,MA,01930
Maryland,,Whole Foods,1555 Cabin Branch Dr,Landover,MD,20785
Maryland,,Whole Foods,1905 Clarkson Way,Hyattsville,MD,20785
Texas,,Whole Foods,840 Interchange Blvd,Austin,TX,78721
Arizona,UAZ1/DPX1,Prime Hub,500 S 48th St,Phoenix,AZ,85034
Colorado,UCO1,Prime Hub,480 E. 55th Ave,Denver,CO,80216
Colorado,UCO2,Prime Hub,3550 Frontier Ave,Boulder,CO,80301
Florida,UFL1/DMI1,Prime Hub,15600 NW 15th Ave,Miami Gardens,FL,33169
Florida,UFL2,Prime Hub,191 NE 23rd St,Miami Gardens,FL,33137
Florida,UFL3,Prime Hub,4440 East Adamo Dr #305,Tampa,FL,33605
Florida,UFL4/SFL1,Prime Hub,7469 Kingspointe Pkwy,Orlando,FL,32819
Florida,UFL5,Prime Hub,4769 Oak Fair Blvd,Tampa,FL,33610
Georgia,UGA1/UGA2,Prime Hub,2302 Marietta Blv NW,Atlanta,GA,30318
Georgia,UGA3,Prime Hub,2160 Breckenridge Blvd #100,Lawrenceville,GA,30043
Illinois,UIL1,Prime Hub,1111 N Cherry Ave,Chicago,IL,60642
Illinois,UIL2,Prime Hub,1250 N Mittel Blvd,Wood Dale,IL,60191
Indiana,UIN1,Prime Hub,710 South Girls School Road,Indianapolis,IN,46231
Maryland,UMD1,Prime Hub,5001 Holabird Ave,Baltimore,MD,21224
Massachusetts,UMA3,Prime Hub,30 Northampton St,Boston,MA,02118
Michigan,UMI1,Prime Hub,19991 Brownstown Center Dr Bldg 9,Trenton,MI,48183
Michigan,UMI2,Prime Hub,999 Chicago Rd,Troy,MI,48083
New York,JFK2/JFK7,Prime Hub,7 W 34th St,New York,NY,10001
New York,UNY1,Prime Hub,501 2nd Ave,Brooklyn,NY,11232
Nw Jersey,UNJ1,Prime Hub,940 Monroe St,Honoken,NJ,07030
North Carolina,UNC1,Prime Hub,300 Dalton Ave,Charlotte,NC,28206
North Carolina,UNC2,Prime Hub,3200 Bush St,Raleigh,NC,27609
North Carolina,UNC3/HCL1,Prime Hub,4525 Statesville Rd,Charlotte,NC,28269
Ohio,UOH1,Prime Hub,5845 Highland Ridge Dr,Cincinnati,OH,45232
Ohio,UOH2,Prime Hub,3563 Interchange Rd,Columbus,OH,43204
Pennsylvania,UPA1,Prime Hub,4100 Chestnut St,Philadelphia,PA,19104
Tennessee,UTN1,Prime Hub,410 Harding Industrial Dr,Nashville,TN,37211
Texas,UTX1,Prime Hub,2700 Regent Boulevard,Irving,TX,75063
Texas,UTX2,Prime Hub,2209 B Rutland Rd,Austin,TX,78758
Texas,UTX3,Prime Hub,4221 Way Out West Drive #200,Houston,TX,77092
Texas,UTX4,Prime Hub,6627 Maple Ave,Dallas,TX,75235
Texas,UTX5,Prime Hub,4848 Perrin Creek #680,San Antonio,TX,78217
Texas,UTX7/DDA3,Prime Hub,4601 Gold Spike Dr,Ft Worth,TX,76106
Virginia,UVA1/DDC3,Prime Hub,5617 Industrial Dr Suite A,Springfield,VA,22151
Virginia,UVA2,Prime Hub,804 Greenbrier Circle,Chesapeake,VA,23320
Virginia,UVA3,Prime Hub,2263 Dabney Rd,Richmond,VA,23230
Georgia,XEW1/ATL7,Inbound Cross Dock,6855 Shannon Pkwy,Union City,GA,30291
Illinois,MDW2,Inbound Cross Dock,250 Emerald Drive,Joliet,IL,60433
Indiana,IND9,Inbound Cross Dock,1151 S Graham Rd,Greenwood,IN,46143
New Jersey,ABE8,Inbound Cross Dock,309 Cedar Lane,Florence,NJ,08518
New Jersey,TEB9,Inbound Cross Dock,601 Randolph Rd,Somerset,NJ,08873
North Carolina,CLT2,Inbound Cross Dock,10240 Old Dowd Rd,Charlotte,NC,28214
Pennsylvania,AVP1,Inbound Cross Dock,550 Oak Ridge Road,Hazleton,PA,18202
Tennessee,MEM1,Inbound Cross Dock,3282 E Holmes Rd,Memphis,TN,38118
Texas,FTW1,Inbound Cross Dock,3333 Lyndon B Johnson Freeway,Dallas,TX,75241
Connecticut,,Air Gateway,100 Cargo Rd,Windsor Locks,CT,06096
Florida,KLAL,Air Gateway,4145 Kidron Rd,Lakeland,FL,33811
Illinois,KRFD,Air Gateway,5824 Kishwaukee Rd,Rockford,IL,61109
Maryland,KBWI,Air Gateway,27350 Mathison Way,Baltimore,MD,21240
Ohio,KILN,Air Gateway,150 Ruane Dr,Wilmington,OH,45177
Texas,KAFW,Air Gateway,301 Intermodal Pkwy,Ft Worth,TX,76177
Virginia,KRB2,Air Gateway,7000 Hardware Dr,Prince George,VA,23875
Arizona,DPX1,Last Mile Facility,500 S 48th St,Phoenix,AZ,85034
Arizona,DPX3,Last Mile Facility,550 E Elliot Rd,Chandler,AZ,85225
Arizona,DPX4,Last Mile Facility,1516 W 17th St,Tempe,AZ,85281
Arizona,DPX5,Last Mile Facility,2150 E Riverview Dr,Phoenix,AZ,85034
Arizona,SPX6,Last Mile Facility,13995 West Lower Buckeye Rd,Goodyear,AZ,85338
Arizona,SPX7,Last Mile Facility,3405 S McQueen Rd,Chandler,AZ,85286
Arizona,SPX8,Last Mile Facility,7875 W Buckeye Rd Building 2,Phoenix,AZ,85043
Arizona,SAZ1/VAZ1/HPX1,Last Mile Facility,3333 S 7th St,Phoenix,AZ,85040
Arizona,DTU1,Last Mile Facility,3841 N Hwy Dr,Tucson,AZ,85705
Arizona,DTU2,Last Mile Facility,775 W Silverlake Rd,Tucson,AZ,85713
Arizona,DTU3,Last Mile Facility,2550 N Nevada St,Chandler,AZ,85225
Arizona,DTU8,Last Mile Facility,3003 S 38th St,Phoenix,AZ,85040
Arizona,HTC1,Last Mile Facility,5990 S Country Club Rd,Tucson,AZ,85706
Arkansas,DLR1,Last Mile Facility,1900 Pine St,North Little Rock,AR,72114
Arkansas,DLR2,Last Mile Facility,12401 Interstate 30,Little Rock,AR,72009
Arkansas,DLR3,Last Mile Facility,400 Sharkley Dr,Maumelle,AR,72113
Colorado,DCS1,Last Mile Facility,7704 Milton E Proby Pkwy,Colorado Springs,CO,80916
Colorado,DCS3,Last Mile Facility,4303 Grinnell Blvd,Colorado Springs,CO,80911
Colorado,DDE5,Last Mile Facility,6951 S Blackhawk St,Englewood,CO,80112
Colorado,DDE6,Last Mile Facility,6150 Downing St Bldg 5,Denver,CO,80216
Colorado,DDE8,Last Mile Facility,4555 E 37th St,Loveland,CO,80538
Colorado,HDE1,Last Mile Facility,19799 E 36th Ave Bldy #29,Aurora,CO,80011
Colorado,DDV2,Last Mile Facility,900 E 128th Ave,Thorton,CO,80241
Colorado,DDV5,Last Mile Facility,2889 Himalaya Dr Bldg 15,Aurora,CO,80011
Connecticut,DBL1,Last Mile Facility,71 Horizon Drive,Bristol,CT,06010
Connecticut,DBL8,Last Mile Facility,8 Old Sherman Turnpike #24,Danbury,CT,06810
Connecticut,HBD1,Last Mile Facility,65 Holmes Rd,Newington,CT,06615
Connecticut,DOB2,Last Mile Facility,425 S Cherry St,Wallingford,CT,06492
Connecticut,DOB4,Last Mile Facility,500 Long Beach Blvd,Stratford,CT,06615
Connecticut,DYO5,Last Mile Facility,7120 Main St,Trumbull,CT,06611
Connecticut,DCY9,Last Mile Facility,48 Boston Post Rd,Orange,CT,06477
Delaware,DPH4,Last Mile Facility,1500 Johnson Way,New Castle,DE,19720
Florida,DMI2,Last Mile Facility,15600 NW 15th Ave,Miami Gardens,FL,33169
Florida,DMI3,Last Mile Facility,3200 Northwest 67th Ave,Miami,FL,33122
Florida,DMI4,Last Mile Facility,251 International Pkwy,Sunrise,FL,33325
Florida,DMI6,Last Mile Facility,6703 NW 7th St,Miami,FL,33126
Florida,DMI7,Last Mile Facility,6729 Belvedere Rd,West Palm Beach,FL,33413
Florida,HMI1,Last Mile Facility,1900 NW 132nd Place,Doral,FL,33182
Florida,DMO1,Last Mile Facility,7469 Kingspointe Pkwy,Orlando,FL,32819
Florida,DMO3,Last Mile Facility,1216 S Orange Blossom Trail,Orange,FL,32805
Florida,DMO4,Last Mile Facility,3880 Mason Ave,Daytona Beach,FL,32114
Florida,DMO6,Last Mile Facility,700 Banyan Trail,Boca Raton,FL,33431
Florida,HMO1,Last Mile Facility,901 West Landstreet Rd,Orlando,FL,32824
Florida,DJX1,Last Mile Facility,11084 Cabot Commerce Circle Bldg 4,Jacksonville,FL,32226
Florida,DJX2,Last Mile Facility,4645 Blanding Bvd,Jacksonville,FL,32210
Florida,DJX6,Last Mile Facility,3960 Inman Rd,St Augustine,FL,32084
Florida,HJX1,Last Mile Facility,2780 Lloyd Rd,West Jacksonville,FL,32254
Florida,DSR1,Last Mile Facility,2906 Corporate Way,Palmetto,FL,34221
Florida,DTP1,Last Mile Facility,8824 E Adamo Dr,Tampa,FL,33619
Florida,DTP2,Last Mile Facility,9900 18th St N,St Petersburg,FL,33716
Florida,DTP7,Last Mile Facility,1003 N Taylor Rd,Seffner,FL,33584
Florida,HTP1,Last Mile Facility,9799 International Ct N,St Petersburg,FL,33716
Florida,HPB1,Last Mile Facility,6729 Belvedere Rd Bldg 5,Palm Beach,FL,33413
Florida,DFL1,Last Mile Facility,3880 NE 39th Ave,Gainesville,FL,32609
Florida,DFL3,Last Mile Facility,2121 NW 67th Place ,Gainesville,FL,32653
Florida,DFL4,Last Mile Facility,4401 Seaboard Rd,Orlando,FL,32808
Florida,DFL5,Last Mile Facility,3150 Shelby Industrial Dr,Apopka,FL,32703
Florida,DFL7,Last Mile Facility,8100 State Road 33,Lakeland,FL,33809
Florida,DMF1,Last Mile Facility,5700 NW 37th Ave,Hialeah,FL,33142
Florida,DMF3,Last Mile Facility,2800 N Andrews Ave Ext,Pompano Beach ,FL,33064
Florida,DMF5,Last Mile Facility,13450 NW 14th St,Miami,FL,33182
Florida,DMF8,Last Mile Facility,13133 34th St N,Clearwater,FL,33762
Florida,,Last Mile Facility,3300 NW 31st Ave,Pompano Beach ,FL,33069
Florida,DMO7,Last Mile Facility,9775 Air Commerce Pkwy,Orlando,FL,32827
Florida,DFM2,Last Mile Facility,10016 Bavaria Rd,Ft Myers,FL,33913
Florida,DFM3,Last Mile Facility,770 Commerce Dr,Venice,FL,34292
Florida,HRS1,Last Mile Facility,7916 Drew Circle,Ft Myers,FL,33967
Florida,DVB1,Last Mile Facility,7440 Commercial Circle,Ft Pierce,FL,34951
Florida,HMB1,Last Mile Facility,8792 Ely Rd,Penscola,FL,32514
Florida,,Last Mile Facility,8760 Davis Blvd,Naples,FL,34104
Georgia,DAT1,Last Mile Facility,4800 Highlands Pkwy SE,Smyrna,GA,30082
Georgia,DAT2,Last Mile Facility,1700 Belle Meade Ct,Lawrenceville,GA,30043
Georgia,DAT3,Last Mile Facility,2750 Sullivan Rd,Atlanta,GA,30337
Georgia,DAT6,Last Mile Facility,7055 Campbellton Rd,Atlanta,GA,30331
Georgia,HAT1,Last Mile Facility,3185 Fayetteville Rd SE,Atlanta,GA,30316
Georgia,DGE2,Last Mile Facility,140 Commerce Ct,Rincon,GA,31326
Georgia,DGE4,Last Mile Facility,1500 Crossgate Rd,Port Wentworth,GA,31407
Georgia,DGE9,Last Mile Facility,5000 Lanier Islands Pkwy Bldg 2,Buford,GA,30518
Georgia,,Last Mile Facility,6945 Button Gwinnett Dr,Doraville,GA,30340
Iowa,DIA1,Last Mile Facility,250TH St NW,North Liberty,IA,52317
Iowa,DIA3,Last Mile Facility,1301 E Gateway Dr Bldg 5,Grimes,IA,50111
Iowa,DIA4,Last Mile Facility,2500 Heinz Rd,Iowa City,IA,52240
Illinois,DCH1,Last Mile Facility,2801 S Western Ave,Chicago,IL,60608
Illinois,DCH2,Last Mile Facility,8290 Austin Ave,Morton Grove,IL,60053
Illinois,DCH3,Last Mile Facility,4500 Western Ave,Lisle,IL,60532
Illinois,DCH4,Last Mile Facility,401 Terrace Dr,Mudelein,IL,60060
Illinois,DCH5,Last Mile Facility,2450 Northwest Pkwy,Elgin,IL,60124
Illinois,DCH6,Last Mile Facility,206 S Pinnacle Dr,Romeoville,IL,60446
Illinois,DCH7,Last Mile Facility,250 Airport Rd,Elgin,IL,60123
Illinois,DCH8,Last Mile Facility,1801 5th Ave Bldgs 1/2/3,Melrose Park,IL,60160
Illinois,DXH6,Last Mile Facility,3800 Finley Rd #3,Downers Grove,IL,60515
Illinois,DLN2,Last Mile Facility,1400 S Laramie Ave,Cicero,IL,60804
Illinois,DLN3,Last Mile Facility,1455 W Shure Dr,Arlington Heights,IL,60004
Illinois,DLN4,Last Mile Facility,10500 S Woodlawn Ave,Chicago,IL,60628
Illinois,DLN8,Last Mile Facility,315 South Hicks Rd,Palatine,IL,60067
Illinois,,Last Mile Facility,23700 Bluff Rd,Channahon,IL,60410
Illinois,HCH2,Last Mile Facility,2350 S Wood St,Chicago,IL,60608
Illinois,HMW1,Last Mile Facility,30260 Graaskamp Blvd,Wimington,IL,60481
Illinois,SIL1,Last Mile Facility,2379 Davey Rd,Woodbridge,IL,60517
Illinois,DIL1,Last Mile Facility,2901 Boardwalk Dr,Champaign,IL,61822
Illinois,DIL5,Last Mile Facility,808 Discovery Dr,West Chicago,IL,60185
Illinois,DIL7,Last Mile Facility,3609 Howard St,Skokie,IL,60076
Illinois,DLI4,Last Mile Facility,3077 Gateway Commerce Center Dr South,Edwardsville,IL,62025
Illinois,DLI5,Last Mile Facility,5106 State Route 111,Pontoon Beach,IL,62040
Illinois,HLU1,Last Mile Facility,3931 Lakeview Corporate Drive,Edwardsville,IL,62048
Illinois,,Last Mile Facility,3507 W 51st St,Gage Park,IL,60632
Illinois,,Last Mile Facility,2420 S Halsted St,Bridgeport,IL,60608
Illinois,,Last Mile Facility,7557 South 78th Ave,Brideview,IL,60455
Indiana,HIN1,Last Mile Facility,6057 Churchman Bypass Rd,Indianapolis,IN,46203
Indiana,DIN1,Last Mile Facility,5850 W 80th St,Indianapolis,IN,46278
Indiana,DIN2,Last Mile Facility,2100 E 15th Ave,Gary,IN,46402
Indiana,DIN3,Last Mile Facility,5545 Chet Waggoner Ct #200,South Bend,IN,46628
Indiana,DIN4,Last Mile Facility,1621 Collins Rd,Greenwood,IN,46143
Indiana,DIN6,Last Mile Facility,8610 Avionics Dr,Ft Wayne,IN,46809
Indiana,,Last Mile Facility,14831 Foundation Ave,Evansville,IN,47725
Kansas,DMC3,Last Mile Facility,4054 Powell Dr,Shawnee,KS,66226
Kansas,HMC1,Last Mile Facility,27200 West 157th St,Johnson,KS,66031
Kansas,,Last Mile Facility,4044 N Toben,Wichita,KS,67226
Kansas,,Last Mile Facility,17800 College Blvd,Lenex,KS,66219
Maryland,DBA1,Last Mile Facility,86 Alco Pl #98,Lansdowne,MD,21227
Maryland,DBA2,Last Mile Facility,7458 New Ridge Rd,Hanover,MD,21076
Maryland,DBA3,Last Mile Facility,8411 Kelso Dr,Essex,MD,21221
Maryland,DBA7,Last Mile Facility,16604 Industrial Labe,Williamsport,MD,21795
Maryland,DBA8,Last Mile Facility,7021 Dorsey Rd,Hanover,MD,21076
Maryland,DDC2,Last Mile Facility,861 E Gude Dr,Rockville,MD,20850
Maryland,DMD4,Last Mile Facility,102 Fulfillment Dr,Edgewood,MD,21040
Maryland,DMD8,Last Mile Facility,9 Jay Gould Ct,Waldorf,MD,20602
Maryland,DMD9,Last Mile Facility,1000 Prince Georges Blvd,Upper Marlboro,MD,20774
Maryland,DLD1,Last Mile Facility,7659 Solley Rd,Glen Burnie,MD,21060
Maryland,DLD7,Last Mile Facility,10100 Willowdale Rd,Lanham,MD,20706
Maryland,SMD1,Last Mile Facility,7200 Dorsey Run Rd,Elkridge,MD,21075
Maryland,,Last Mile Facility,5801 Columbia Park Rd,Landover,MD,20785
Maryland,,Last Mile Facility,700 N Frederick Rd,Gaithersburg,MD,20879
Maryland,,Last Mile Facility,10406 Tucker St,Beltsville,MD,20705
Maryland,HBA1,Last Mile Facility,1100 Woodley Rd,Aberdeen,MD,21001
Massachusetts,DBO2,Last Mile Facility,500 Sprague St,Dedham,MA,02026
Massachusetts,DBO3,Last Mile Facility,8 Industrial Rd,Milford,MA,01757
Massachusetts,DBO7,Last Mile Facility,161 Lower Westfield Rd,Holyoke,MA,01040
Massachusetts,DBO8,Last Mile Facility,24 Alger St,Boston,MA,02127
Massachusetts,DBO9,Last Mile Facility,30 Commerce Blvd,Middleborough,MA,02346
Massachusetts,DMH9,Last Mile Facility,135 American Legion Highway,Revere,MA,02151
Massachusetts,DAS8,Last Mile Facility,110 Fordham Rd,Wilmington,MA,01887
Massachusetts,DCB2,Last Mile Facility,560 West St,Mansfield,MA,02048
Massachusetts,DCB4,Last Mile Facility,750 Everett St,Westwood,MA,02062
Massachusetts,DCB8,Last Mile Facility,351 Maple St,Bellingham,MA,02019
Massachusetts,,Last Mile Facility,39 Prestige Way,Kingston,MA,02360
Massachusetts,DBC3,Last Mile Facility,800 John Quincy Adams Rd,Tauton,MA,02780
Massachusetts,DBC6,Last Mile Facility,100 Industrial Park Rd,Hingham,MA,02043
Massachusetts,DTB8,Last Mile Facility,4400 Computer Dr,Westborough,MA,01581
Michigan,DDT1,Last Mile Facility,1400 E 10 Mile Rd,Hazel Park,MI,48030
Michigan,DDT2,Last Mile Facility,11457 Hannon Rd,Romulus,MI,48147
Michigan,DDT3,Last Mile Facility,28415 Automation Blvd,Lyon Township,MI,48393
Michigan,DDT4,Last Mile Facility,7009 W Mountain Hope Hwy,Lansing,MI,48917
Michigan,DDT6,Last Mile Facility,1200 Featherstone Rd,Pontiac,MI,48342
Michigan,DGR1,Last Mile Facility,2935 Walkent Ct NW,Walker,MI,49544
Michigan,DGR3,Last Mile Facility,33600 Mound Rd,Sterling Heights,MI,48310
Michigan,HDT2,Last Mile Facility,12795 Premier Center Ct,Plymouth,MI,48170
Mississippi,,Last Mile Facility,46 Industrial Park Rd,Lucedale,MS,39452
Missouri,DLI1,Last Mile Facility,441 Hazelwood Logistics Center Dr Bldg 4,Hazelwood,MO,63042
Missouri,DLI2,Last Mile Facility,830 James S McDonnell Blvd,Hazelwood,MO,63042
Missouri,DLI6,Last Mile Facility,6201 Aviator Dr,Hazelwood,MO,63042
Missouri,DMC2,Last Mile Facility,3601 Enterprise DR,Kansas City,MO,64129
New Jersey,DEW1,Last Mile Facility,2 Empire Blvd,Moonachie,NJ,07074
New Jersey,DEW2,Last Mile Facility,630 Sullivan Rd,Elizabeth,NJ,07201
New Jersey,DEW5,Last Mile Facility,10 Princess Rd,Lawrence Township,NJ,08648
New Jersey,DEW8,Last Mile Facility,281 Benigno Blvd,Bellmawr,NJ,08031
New Jersey,DNJ1/HEW1,Last Mile Facility,380 Middlesex Avenue,Carteret,NJ,07008
New Jersey,HEW2,Last Mile Facility,100 Forge Way,Rockaway,NJ,07866
New Jersey,DNJ2,Last Mile Facility,555 Macarthur Blvd,Mahwah,NJ,07430
New Jersey,DNJ6,Last Mile Facility,118 Moonachie Ave,Carlstadt,NJ,07072
New Jersey,DNJ7,Last Mile Facility,81 International Dr S,Mount Olive,NJ,07828
New Jersey,DJZ1,Last Mile Facility,125 North St,Teterboro,NJ,07608
New Jersey,DJZ2,Last Mile Facility,610 Washington Ave,Carlstadt,NJ,07072
New Jersey,DJZ3,Last Mile Facility,377 Roosevelt Ave,Carteret,NJ,07008
New Jersey,DJZ4,Last Mile Facility,50 Central Ave,Kearny,NJ,07032
New Jersey,DJZ5,Last Mile Facility,429 Delancy St,Newark,NJ,07105
New Jersey,DJZ6,Last Mile Facility,1800 Lower Rd,Linden,NJ,07036
New Jersey,DJZ8,Last Mile Facility,1 Paddock St,Avenel,NJ,07001
New Jersey,DJR5,Last Mile Facility,670 Belleville Turnpike,Kearny,NJ,07032
New Jersey,DJR6,Last Mile Facility,5 Logistics Drive,Kearny,NJ,07032
New Jersey,DNY5,Last Mile Facility,10 Patton Drive ,West Caldwell,NJ,07006
New Jersey,DJE1,Last Mile Facility,8 B Court,South Edison,NJ,08817
New Jersey,DJE2,Last Mile Facility,1250 Forest Pkwy,Paulsboro,NJ,08066
New Jersey,DJE3,Last Mile Facility,2320 Center Square Rd,Logan,NJ,08085
New Jersey,DJE6,Last Mile Facility,79 Thomas McGovern Dr,Jersey City,NJ,07305
New Jersey,DNK5,Last Mile Facility,105 Avenue A,Bayonne,NJ,07002
New Jersey,HPH1,Last Mile Facility,10 Patton Drive ,Caldwell,NJ,07006
New Jersey,HNE1,Last Mile Facility,1225 Forest Pkwy West,Deptford,NJ,08066
New Jersey,HNE1,Last Mile Facility,2205 State Route 27,Edison,NJ,08817
New York,DNY1,Last Mile Facility,60 East 42nd St,New York,NY,10165
New York,DNY4,Last Mile Facility,201 Grumman Rd W,Bethpage,NY,11714
New York,DAL1,Last Mile Facility,75 Cohoes Ave,Green Island Village,NY,12183
New York,DRO1,Last Mile Facility,330 Clay Rd,Rochester,NY,14623
New York,DBK1,Last Mile Facility,1 Bulova Ave,Woodside,NY,11377
New York,DBK6,Last Mile Facility,2300 Linden Blvd,Brooklyn,NY,11208
New York,DNJ3,Last Mile Facility,1300 Viele Ave,Bronx,NY,10474
New York,HNY1,Last Mile Facility,80 Grumman Rd,Bethpage,NY,11714
New York,DAB3,Last Mile Facility,10 Jupiter Lane,Colonie,NY,12205
New York,DAB4,Last Mile Facility,1785 NY-5S,Amsterdam,NY,12010
New York,DAB8,Last Mile Facility,100 Precision Dr,Shirley,NY,11967
New York,,Last Mile Facility,30B Post Rd,Colonie,NY,12205
New York,DYY6,Last Mile Facility,566 Gulf Ave,Staten Island,NY,10314
New York,DBU2,Last Mile Facility,2 Westbury Ave,Carle Place,NY,11501
New York,DYO1,Last Mile Facility,500 Hudson Valley Ave,New Windsor,NY,12553
New York,DZY1,Last Mile Facility,3850 21st St,Long Island City,NY,11101
New York,DXY4,Last Mile Facility,200 Oritani Dr,Blauvelt,NY,10913
New York,,Last Mile Facility,400 Oritani Dr,Blauvelt,NY,10913
New York,DBU1,Last Mile Facility,800 River Pkwy,Tonawanda,NY,14150
New York,DYR7,Last Mile Facility,717 Broadway Ave,Holbrook,NY,11741
New York,,Last Mile Facility,6834 Kirkville Rd,Dewitt,NY,13057
New York,,Last Mile Facility,66-26 Metropolitan Ave,Middle Village,NY,11379
New York,,Last Mile Facility,55-15 Grand Ave,Maspeth,NY,11378
North Carolina,DLT1,Last Mile Facility,3830 Parrott Dr,Charlotte,NC,28214
North Carolina,DLT2,Last Mile Facility,7929 National Service Rd,Colfax,NC,27409
North Carolina,DLT3,Last Mile Facility,413 Goodman Rd,Concord,NC,28027
North Carolina,DLT6,Last Mile Facility,1610 Old Greensboro Rd,Kernersville,NC,27284
North Carolina,DRT1,Last Mile Facility,224 N Hoover Rd,Durham,NC,27703
North Carolina,DRT4,Last Mile Facility,394 Fanning Fields Rd,Mills River,NC,28759
North Carolina,DRT8,Last Mile Facility,1275 Person St,Durham,NC,27703
North Carolina,DRT9,Last Mile Facility,1000 Innovation Ave,Morrisville,NC,27560
North Carolina,HCL1,Last Mile Facility,4525 Statesville Ave,Charlotte,NC,28269
North Carolina,HRD1,Last Mile Facility,1805 TW Alexander Drive,Durham,NC,27703
North Carolina,,Last Mile Facility,6495 Franz Warner Pkwy,Whitsett,NC,27377
Ohio,DCN1,Last Mile Facility,4250 Port Union Rd,Fairfield,OH,45011
Ohio,DCL1,Last Mile Facility,26555 Bluestone Blvd,Euclid,OH,44132
Ohio,DCL2,Last Mile Facility,2823 Gilchrist Rd,Akron,OH,44305
Ohio,DCL3,Last Mile Facility,12111 DeBartolo Dr,North Jackson,OH,44451
Ohio,DCL4,Last Mile Facility,24800 Miles Rd,Bedford Heights,OH,44146
Ohio,DCL7,Last Mile Facility,10801 Madison Ave,Cleveland,OH,44102
Ohio,DCM1,Last Mile Facility,4100 Lockbourne Industrial Pkwy,Columbus,OH,43207
Ohio,DCM2,Last Mile Facility,2000 Composite Dr,Kettering,OH,45420
Ohio,DCM3,Last Mile Facility,43500 Victory Pkwy,Solon,OH,44139
Ohio,DKY4,Last Mile Facility,3191 River Rd,Cincinnati,OH,45204
Ohio,HCE1,Last Mile Facility,8685 Independence Parkway,Twinsburg,OH,44087
Ohio,HCE2,Last Mile Facility,23371 Aurora Rd,Bedford Heights,OH,44146
Ohio,HCM1,Last Mile Facility,3538 TradePort Court Bldg 2,Lockbourne,OH,43137
Ohio,DCM5,Last Mile Facility,8591 Mink St Sw,Etna,OH,43062
Ohio,DCM6,Last Mile Facility,1280 London-Groveport Rd,Grove City,OH,43123
Oklahoma,DOK1,Last Mile Facility,4401 E Hefner Rd,Oklahoma City,OK,73131
Oklahoma,DOK2,Last Mile Facility,13510 E 59th St,Tulsa,OK,74134
Oklahoma,DOK3,Last Mile Facility,6101 SW 44th St,Oklahoma City,OK,73179
Oklahoma,DOK4,Last Mile Facility,6801 S Air Depot Blvd,Oklahoma City,OK,73135
Oklahoma,HOK1,Last Mile Facility,1414 S Council Rd,Oklahoma City,OK,73128
Pennsylvania,DPH1,Last Mile Facility,4219 Richmond St,Philadelphia,PA,19137
Pennsylvania,DPH2,Last Mile Facility,500 American Ave,King of Prussia,PA,19406
Pennsylvania,DPH6,Last Mile Facility,2001 Gehman Rd,Harleysville,PA,19438
Pennsylvania,DPH7,Last Mile Facility,10 Industrial Rd,Elizabethtown,PA,17022
Pennsylvania,DPH8,Last Mile Facility,7575 Brewster Ave,Philadelphia,PA,19153
Pennsylvania,DDP2,Last Mile Facility,2400 S Weccacoe Ave,Philadelphia,PA,19148
Pennsylvania,DDP7,Last Mile Facility,3750 State Rd,Bensalem,PA,19020
Pennsylvania,DDP9,Last Mile Facility,3025 House Meeting Rd,Philadelphia,PA,19154
Pennsylvania,DEW4,Last Mile Facility,2251 Cabot Blvd W,Langhorne,PA,19047
Pennsylvania,DPP1,Last Mile Facility,501 North Dr,Sewickley,PA,15143
Pennsylvania,DPP7,Last Mile Facility,177 McClaren Woods Dr,Corapolis,PA,15108
Pennsylvania,HPT1,Last Mile Facility,4800 McClaren Woods Dr,Corapolis,PA,15108
Pennsylvania,DAE1,Last Mile Facility,2595 Brodhead Rd,Bethlehem,PA,18020
Pennsylvania,DAE3,Last Mile Facility,2150 North Park Dr,Hazleton,PA,18202
Rhode Island,DRI1,Last Mile Facility,10 Dupont Dr,Providence,RI,02907
South Carolina,DSC1,Last Mile Facility,9801 Highway 78,Ladson,SC,29456
South Carolina,DSC2,Last Mile Facility,131 Overland Dr,Cayce,SC,29172
South Carolina,DSC3,Last Mile Facility,744 Frontage Rd,Greenville,SC,29611
South Carolina,DSC4,Last Mile Facility,7406 Magi Rd,Hanahan,SC,29410
Tennessee,DNA1,Last Mile Facility,2813 Brick Church Pike,Nashville,TN,37207
Tennessee,DNA2,Last Mile Facility,2 Dell Pkwy,Nashville,TN,37217
Tennessee,DNA3,Last Mile Facility,710 Myatt Dr,Madison,TN,37115
Tennessee,HBN1,Last Mile Facility,10 Dell Pkwy,Nashville,TN,37217
Tennessee,HCT1/CHA1,Last Mile Facility,7200 Discovery Drive,Chattanooga,TN,37416
Tennessee,DTN2/HME1,Last Mile Facility,109 W McLemore,Memphis,TN,38106
Tennessee,DTN3,Last Mile Facility,2211 Sycamore Dr,Knoxville,TN,37921
Tennessee,DTN4,Last Mile Facility,3347 Pearson,Memphis,TN,38118
Tennessee,DTN7,Last Mile Facility,242 Mason Rd,La Vergne,TN,37086
Tennessee,DTN8,Last Mile Facility,1000 Richard Petty Way,Lebanon,TN,37090
Texas,DAU1,Last Mile Facility,4616-6 West Howard Lane,Austin,TX,78728
Texas,DAU2,Last Mile Facility,7000 Metropolis Dr,Austin,TX,78744
Texas,DAU5,Last Mile Facility,2956 Main St,Buda,TX,78610
Texas,DAU7,Last Mile Facility,3150 Chisholm Trade Rd,Round Rock,TX,78681
Texas,HAU1,Last Mile Facility,5811 Trade Center Dr Bldg 10,Austin,TX,78744
Texas,DDA1,Last Mile Facility,12401 N Stemmons Fwy,Farmers Branch,TX,75234
Texas,DDA2,Last Mile Facility,3838 W Miller Rd,Garland,TX,75041
Texas,DDA3,Last Mile Facility,4601 Gold Spike Dr,Ft Worth,TX,76106
Texas,DDA8,Last Mile Facility,8901 Forney Rd,Dallas,TX,75227
Texas,DDA9,Last Mile Facility,3700 San Jacinto Dr,Ft Worth,TX,76126
Texas,STX2,Last Mile Facility,1625 Hutton Dr,Carrollton,TX,75006
Texas,HDA1,Last Mile Facility,2701 W Bethel Rd,Coppell,TX,75261
Texas,DHX1,Last Mile Facility,3031 Sam Houston Parkway E Bldg 7,Houston,TX,77032
Texas,DHX3,Last Mile Facility,12900 W Airport Rd,Sugar Land,TX,77478
Texas,DHX5,Last Mile Facility,1102 Stat Hwy 161,Grand Prairie,TX,75051
Texas,DDX1,Last Mile Facility,4949 Amon Carter Blvd,Ft Worth,TX,76155
Texas,DDX6,Last Mile Facility,16399 Gateway Path,Frisco,TX,75078
Texas,DDX7,Last Mile Facility,1101 South Gateway Blvd,Forney,TX,75126
Texas,DDF1,Last Mile Facility,1303 Ridgeview Dr,Lewisville,TX,75057
Texas,DHO1,Last Mile Facility,11720 N Gessner Rd Bldg 5,Houston,TX,77064
Texas,DHO4,Last Mile Facility,5615 W Fuqua St,Houston,TX,77085
Texas,DHO5,Last Mile Facility,875 S Lockwood Dr,Houston,TX,77023
Texas,DHO7,Last Mile Facility,28420 West Ten Blvd,Katy,TX,77494
Texas,HHO2,Last Mile Facility,6911 Fairbanks N,Houston,TX,77040
Texas,DSX1,Last Mile Facility,6422 E Campus Dr,San Antonio,TX,78247
Texas,DSX3,Last Mile Facility,1120 N Foster Rd,San Antonio,TX,78219
Texas,HSX1,Last Mile Facility,3660 Thousand Oaks Dr,San Antonio,TX,78247
Virginia,DDC3,Last Mile Facility,5617 Industrial Dr Suite E,Springfield,VA,22151
Virginia,DDC4,Last Mile Facility,44301 Mercure Circle,Sterling Heights,VA,20166
Virginia,DDC9,Last Mile Facility,5533 Wellington Rd,Gainesville,VA,20155
Virginia,DRC1,Last Mile Facility,4101 Carolina Ave,Richmond,VA,23222
Virginia,DVA2,Last Mile Facility,1601 Bellwood Rd,Richmond,VA,23237
Virginia,DVA5,Last Mile Facility,11920 Balls Ford Rd Bldg 1,Manassas,VA,20109
Virginia,HRC1,Last Mile Facility,4949 Commerce Rd,Richmond,VA,23234
Virginia,SDC1/HDC1,Last Mile Facility,6885 Commercial Dr,Springfield,VA,22151
Virginia,DOR1,Last Mile Facility,1920 Campostella Rd,Chesapeake,VA,23324
Virginia,DOR2,Last Mile Facility,1400 Sewells Point Rd,Norfolk,VA,23502
Virginia,HVB1,Last Mile Facility,7421 Central Business Park Dr,Norfolk,VA,23320